ID,genus,species,genus_species,dewlap_known,dewlap_group,country,state,locality,latitude,longitude,georeference_status,georeference_source
BM260,Anolis,fuscoauratus,Anolis_fuscoauratus,2,P,Brazil,PA,Belo_Monte_Vitoria_do_Xingu,-3.3244,-51.8587,Approximate_from_collector,Miguel_Trefaut_Rodrigues
BM261,Anolis,fuscoauratus,Anolis_fuscoauratus,2,P,Brazil,PA,Belo_Monte_Vitoria_do_Xingu,-3.3244,-51.8587,Approximate_from_collector,Miguel_Trefaut_Rodrigues
BM527,Anolis,fuscoauratus,Anolis_fuscoauratus,1,U,Brazil,PA,Belo_Monte_Anapu_site_A,-3.0919,-51.7772,Accurate_from_collector,Miguel_Trefaut_Rodrigues
BM690,Anolis,fuscoauratus,Anolis_fuscoauratus,1,U,Brazil,PA,Belo_Monte_Anapu_site_B,-3.498,-51.6777,Accurate_from_collector,Miguel_Trefaut_Rodrigues
H0805,Anolis,fuscoauratus,Anolis_fuscoauratus,1,U,Brazil,RO,Porto_Velho_Caicara_margem_esquerda,-9.4413,-64.8519,Approximate_from_collector,Miguel_Trefaut_Rodrigues
H0879,Anolis,fuscoauratus,Anolis_fuscoauratus,1,U,Brazil,RO,Porto_Velho_Mutum_margem_direita,-9.6162,-65.0456,Approximate_from_collector,Miguel_Trefaut_Rodrigues
H1888,Anolis,fuscoauratus,Anolis_fuscoauratus,1,U,Brazil,RO,Porto_Velho_Caicara_margem_esquerda,-9.4413,-64.8519,Approximate_from_collector,Miguel_Trefaut_Rodrigues
H1964,Anolis,fuscoauratus,Anolis_fuscoauratus,1,U,Brazil,RO,Porto_Velho_Caicara_margem_esquerda,-9.4413,-64.8519,Accurate_from_collector,Miguel_Trefaut_Rodrigues
H4108,Anolis,fuscoauratus,Anolis_fuscoauratus,2,P,Brazil,RO,Porto_Velho_Abuna_margem_esquerda,-9.6421,-65.4471,Accurate_from_collector,Miguel_Trefaut_Rodrigues
H4109,Anolis,fuscoauratus,Anolis_fuscoauratus,2,P,Brazil,RO,Porto_Velho_Abuna_margem_direita,-9.5975,-65.3674,Accurate_from_collector,Miguel_Trefaut_Rodrigues
H4113,Anolis,fuscoauratus,Anolis_fuscoauratus,2,P,Brazil,RO,Porto_Velho_Abuna_margem_esquerda,-9.6421,-65.4471,Approximate_from_collector,Miguel_Trefaut_Rodrigues
H4137,Anolis,fuscoauratus,Anolis_fuscoauratus,2,P,Brazil,RO,Porto_Velho_Abuna_margem_direita,-9.5975,-65.3674,Approximate_from_collector,Miguel_Trefaut_Rodrigues
HJ0174,Anolis,fuscoauratus,Anolis_fuscoauratus,1,U,Brazil,RO,Porto_Velho_Mutum_margem_direita,-9.6162,-65.0456,Accurate_from_collector,Miguel_Trefaut_Rodrigues
JFT726,Anolis,fuscoauratus,Anolis_fuscoauratus,2,Y,Brazil,ES,Santa_Teresa,-19.9654,-40.531,Approximate_from_collector,Miguel_Trefaut_Rodrigues
LSUMZH12538a,Anolis,fuscoauratus,Anolis_fuscoauratus,2,P,Ecuador,SU,Reserva_Faunistica_Cuyabeno_Neotropic_Turis,-0.2172,-75.8069,Approximate_from_online_source,Google_Maps_center_of_municipality
LSUMZH12545b,Anolis,fuscoauratus,Anolis_fuscoauratus,2,P,Ecuador,SU,Reserva_Faunistica_Cuyabeno_Neotropic_Turis,-0.2172,-75.8069,Approximate_from_online_source,Google_Maps_center_of_municipality
LSUMZH14094,Anolis,fuscoauratus,Anolis_fuscoauratus,1,U,Brazil,AM,Labrea_Rio_Ituxi_Madeirera_Scheffer,-8.3464,-65.7161,Accurate_from_collector,LSU_Vitt
LSUMZH14327a,Anolis,fuscoauratus,Anolis_fuscoauratus,1,U,Brazil,PA,Belterra_Agropecuaria_Treviso_LTDA,-3.1467,-54.8296,Accurate_from_collector,LSU_Vitt
LSUMZH15471,Anolis,fuscoauratus,Anolis_fuscoauratus,1,U,Brazil,RO,Nova_Mamore_PE_Guajara_Mirim,-10.3167,-64.55,Approximate_from_collector,LSU_Vitt
MTR06037,Anolis,fuscoauratus,Anolis_fuscoauratus,1,U,Brazil,BA,Jussari_Serra_do_Teimoso,-15.1547,-39.5233,Approximate_from_collector,Miguel_Trefaut_Rodrigues
MTR06262,Anolis,fuscoauratus,Anolis_fuscoauratus,2,G,Brazil,AP,Rio_Maraca_Igarape_Camaipi,-0.0242,-51.8972,Approximate_from_collector,Miguel_Trefaut_Rodrigues
MTR06329,Anolis,fuscoauratus,Anolis_fuscoauratus,2,G,Brazil,AP,Rio_Maraca_Igarape_Camaipi,-0.0242,-51.8972,Approximate_from_collector,Miguel_Trefaut_Rodrigues
MTR12159,Anolis,fuscoauratus,Anolis_fuscoauratus,2,Y,Brazil,ES,Linhares_Floresta_Nacional_de_Goytacazes,-19.4483,-40.0804,Approximate_from_online_source,Google_Earth
MTR12298,Anolis,fuscoauratus,Anolis_fuscoauratus,2,Y,Brazil,ES,Linhares_Floresta_Nacional_de_Goytacazes,-19.4483,-40.0804,Approximate_from_online_source,Google_Earth
MTR12860,Anolis,fuscoauratus,Anolis_fuscoauratus,2,Y,Brazil,AM,Maruim_Sao_Sebastiao_Rio_Abacaxis,-4.3089,-58.6364,Accurate_from_collector,Miguel_Trefaut_Rodrigues
MTR13088,Anolis,fuscoauratus,Anolis_fuscoauratus,1,U,Brazil,AM,Pacamiri_Rio_Abacaxis,-4.5969,-58.2206,Accurate_from_collector,Miguel_Trefaut_Rodrigues
MTR13253,Anolis,fuscoauratus,Anolis_fuscoauratus,2,Y,Brazil,AM,Maruim_Sao_Sebastiao_Rio_Abacaxis,-4.3089,-58.6364,Accurate_from_collector,Miguel_Trefaut_Rodrigues
MTR13628,Anolis,fuscoauratus,Anolis_fuscoauratus,1,U,Brazil,BA,Camacan_Fazenda_Sao_Carlos,-15.3799,-39.5424,Accurate_from_collector,Miguel_Trefaut_Rodrigues
MTR18729,Anolis,fuscoauratus,Anolis_fuscoauratus,2,G,Brazil,AM,Lago_Chaviana_Itapuru_margem_direita_Rio_Purus,-4.3094,-61.8148,Approximate_from_collector,Miguel_Trefaut_Rodrigues
MTR18813,Anolis,fuscoauratus,Anolis_fuscoauratus,2,G,Brazil,AM,Lago_Chaviana_Itapuru_margem_direita_Rio_Purus,-4.3094,-61.8148,Approximate_from_collector,Miguel_Trefaut_Rodrigues
MTR18816,Anolis,fuscoauratus,Anolis_fuscoauratus,2,G,Brazil,AM,Lago_Chaviana_Itapuru_margem_direita_Rio_Purus,-4.3094,-61.8148,Accurate_from_collector,Miguel_Trefaut_Rodrigues
MTR18870,Anolis,fuscoauratus,Anolis_fuscoauratus,2,G,Brazil,AM,Lago_Chaviana_Itapuru_margem_direita_Rio_Purus,-4.3094,-61.8148,Approximate_from_collector,Miguel_Trefaut_Rodrigues
MTR18994,Anolis,fuscoauratus,Anolis_fuscoauratus,2,Y,Brazil,AM,Moiobamba_margem_direita_Rio_Purus,-4.7251,-62.1318,Approximate_from_collector,Miguel_Trefaut_Rodrigues
MTR19062,Anolis,fuscoauratus,Anolis_fuscoauratus,2,Y,Brazil,AM,Moiobamba_margem_direita_Rio_Purus,-4.7251,-62.1318,Accurate_from_collector,Miguel_Trefaut_Rodrigues
MTR19178,Anolis,fuscoauratus,Anolis_fuscoauratus,2,Y,Brazil,AM,Moiobamba_margem_direita_Rio_Purus,-4.7251,-62.1318,Approximate_from_collector,Miguel_Trefaut_Rodrigues
MTR19188,Anolis,fuscoauratus,Anolis_fuscoauratus,2,Y,Brazil,AM,Moiobamba_margem_direita_Rio_Purus,-4.7251,-62.1318,Approximate_from_collector,Miguel_Trefaut_Rodrigues
MTR19231,Anolis,fuscoauratus,Anolis_fuscoauratus,2,Y,Brazil,AM,Moiobamba_margem_direita_Rio_Purus,-4.7251,-62.1318,Accurate_from_collector,Miguel_Trefaut_Rodrigues
MTR20711,Anolis,fuscoauratus,Anolis_fuscoauratus,2,P,Brazil,RR,Pacaraima,4.4955,-61.1686,Accurate_from_collector,Miguel_Trefaut_Rodrigues
MTR20736,Anolis,fuscoauratus,Anolis_fuscoauratus,2,P,Brazil,RR,Pacaraima,4.4955,-61.1686,Accurate_from_collector,Miguel_Trefaut_Rodrigues
MTR20738,Anolis,fuscoauratus,Anolis_fuscoauratus,2,P,Brazil,RR,Pacaraima,4.4955,-61.1686,Accurate_from_collector,Miguel_Trefaut_Rodrigues
MTR21992,Anolis,fuscoauratus,Anolis_fuscoauratus,2,G,Brazil,BA,Estacao_Ecologica_Estadual_Wenceslau_Guimaraes_EEEWG,-13.5785,-39.7086,Approximate_from_collector,Miguel_Trefaut_Rodrigues
MTR22009,Anolis,fuscoauratus,Anolis_fuscoauratus,2,G,Brazil,BA,Estacao_Ecologica_Estadual_Wenceslau_Guimaraes_EEEWG,-13.5785,-39.7086,Accurate_from_collector,Miguel_Trefaut_Rodrigues
MTR23059,Anolis,fuscoauratus,Anolis_fuscoauratus,1,U,Brazil,RR,Serra_da_Maroquinha,2.3714,-61.376,Approximate_from_collector,Miguel_Trefaut_Rodrigues
MTR23096,Anolis,fuscoauratus,Anolis_fuscoauratus,1,U,Brazil,RR,Serra_da_Maroquinha,2.3714,-61.376,Approximate_from_collector,Miguel_Trefaut_Rodrigues
MTR23120,Anolis,fuscoauratus,Anolis_fuscoauratus,1,U,Brazil,RR,Serra_da_Maroquinha,2.3714,-61.376,Accurate_from_collector,Miguel_Trefaut_Rodrigues
MTR23155,Anolis,fuscoauratus,Anolis_fuscoauratus,1,U,Brazil,RR,Serra_da_Maroquinha,2.3714,-61.376,Accurate_from_collector,Miguel_Trefaut_Rodrigues
MTR23156,Anolis,fuscoauratus,Anolis_fuscoauratus,1,U,Brazil,RR,Serra_da_Maroquinha,2.3714,-61.376,Accurate_from_collector,Miguel_Trefaut_Rodrigues
MTR24119,Anolis,fuscoauratus,Anolis_fuscoauratus,1,U,Brazil,AP,Oiapoque,3.8794,-51.771,Approximate_from_collector,Miguel_Trefaut_Rodrigues
MTR24137,Anolis,fuscoauratus,Anolis_fuscoauratus,1,U,Brazil,AP,Oiapoque,3.8794,-51.771,Accurate_from_collector,Miguel_Trefaut_Rodrigues
MTR24167,Anolis,fuscoauratus,Anolis_fuscoauratus,1,U,Brazil,AP,Oiapoque,3.8794,-51.771,Approximate_from_collector,Miguel_Trefaut_Rodrigues
MTR25524,Anolis,fuscoauratus,Anolis_fuscoauratus,1,U,Brazil,RO,PN_Pacaas_Novos,-10.7692,-63.6225,Approximate_from_collector,Ivan_Prates
MTR25537,Anolis,fuscoauratus,Anolis_fuscoauratus,1,U,Brazil,RO,PN_Pacaas_Novos,-10.7692,-63.6225,Accurate_from_collector,Ivan_Prates
MTR25538,Anolis,fuscoauratus,Anolis_fuscoauratus,1,U,Brazil,RO,PN_Pacaas_Novos,-10.7692,-63.6225,Accurate_from_collector,Ivan_Prates
MTR25597,Anolis,fuscoauratus,Anolis_fuscoauratus,1,U,Brazil,RO,PN_Pacaas_Novos,-10.7692,-63.6225,Approximate_from_collector,Ivan_Prates
MTR25668,Anolis,fuscoauratus,Anolis_fuscoauratus,1,U,Brazil,RO,PN_Pacaas_Novos,-10.7692,-63.6225,Approximate_from_collector,Ivan_Prates
MTR25978,Anolis,fuscoauratus,Anolis_fuscoauratus,2,G,Brazil,RO,PN_Pacaas_Novos_base_Jaci,-10.5275,-63.9734,Accurate_from_collector,Ivan_Prates
MTR25984,Anolis,fuscoauratus,Anolis_fuscoauratus,2,G,Brazil,RO,PN_Pacaas_Novos_base_Jaci,-10.5275,-63.9734,Accurate_from_collector,Ivan_Prates
MTR25985,Anolis,fuscoauratus,Anolis_fuscoauratus,2,G,Brazil,RO,PN_Pacaas_Novos_base_Jaci,-10.5275,-63.9734,Accurate_from_collector,Ivan_Prates
MTR26007,Anolis,fuscoauratus,Anolis_fuscoauratus,2,G,Brazil,RO,PN_Pacaas_Novos_base_Jaci,-10.5275,-63.9734,Approximate_from_collector,Ivan_Prates
MTR28056,Anolis,fuscoauratus,Anolis_fuscoauratus,2,G,Brazil,AC,Serra_do_Divisor_Pe_da_Serra,-7.4398,-73.6594,Approximate_from_collector,Ivan_Prates
MTR28194,Anolis,fuscoauratus,Anolis_fuscoauratus,2,G,Brazil,AC,Serra_do_Divisor_Pe_da_Serra,-7.4398,-73.6594,Approximate_from_collector,Ivan_Prates
MTR28201,Anolis,fuscoauratus,Anolis_fuscoauratus,2,G,Brazil,AC,Serra_do_Divisor_Pe_da_Serra,-7.4398,-73.6594,Approximate_from_collector,Ivan_Prates
MTR28206,Anolis,fuscoauratus,Anolis_fuscoauratus,2,G,Brazil,AC,Serra_do_Divisor_Pe_da_Serra,-7.4398,-73.6594,Approximate_from_collector,Ivan_Prates
MTR28368,Anolis,fuscoauratus,Anolis_fuscoauratus,1,U,Brazil,AC,Serra_do_Divisor_face_Oeste,-7.5031,-73.7208,Accurate_from_collector,Ivan_Prates
MTR28392,Anolis,fuscoauratus,Anolis_fuscoauratus,1,U,Brazil,AC,Serra_do_Divisor_face_Oeste,-7.5031,-73.7208,Approximate_from_collector,Ivan_Prates
MTR28393,Anolis,fuscoauratus,Anolis_fuscoauratus,1,U,Brazil,AC,Serra_do_Divisor_face_Oeste,-7.5031,-73.7208,Approximate_from_collector,Ivan_Prates
MTR28413,Anolis,fuscoauratus,Anolis_fuscoauratus,1,U,Brazil,AC,Serra_do_Divisor_face_Oeste,-7.5031,-73.7208,Approximate_from_collector,Ivan_Prates
MTR28414,Anolis,fuscoauratus,Anolis_fuscoauratus,1,U,Brazil,AC,Serra_do_Divisor_face_Oeste,-7.5031,-73.7208,Approximate_from_collector,Ivan_Prates
MTR28534,Anolis,fuscoauratus,Anolis_fuscoauratus,2,P,Brazil,AM,Boca_do_Acre_ramal_bode_preto,-9.005,-67.1815,Approximate_from_collector,Ivan_Prates
MTR28535,Anolis,fuscoauratus,Anolis_fuscoauratus,2,P,Brazil,AM,Boca_do_Acre_ramal_bode_preto,-9.005,-67.1815,Accurate_from_collector,Ivan_Prates
MTR28538,Anolis,fuscoauratus,Anolis_fuscoauratus,2,P,Brazil,AM,Boca_do_Acre_ramal_bode_preto,-9.005,-67.1815,Approximate_from_collector,Ivan_Prates
MTR28563,Anolis,fuscoauratus,Anolis_fuscoauratus,2,P,Brazil,AM,Boca_do_Acre_ramal_Cruzeirinho,-8.7598,-67.3089,Accurate_from_collector,Ivan_Prates
MTR28564,Anolis,fuscoauratus,Anolis_fuscoauratus,2,P,Brazil,AM,Boca_do_Acre_ramal_Cruzeirinho,-8.7598,-67.3089,Accurate_from_collector,Ivan_Prates
MTR28565,Anolis,fuscoauratus,Anolis_fuscoauratus,2,P,Brazil,AM,Boca_do_Acre_ramal_Cruzeirinho,-8.7598,-67.3089,Accurate_from_collector,Ivan_Prates
MTR28576,Anolis,fuscoauratus,Anolis_fuscoauratus,2,P,Brazil,AC,Senador_Guiomard_Fazenda_Experimental_Catuaba,-10.0834,-67.6278,Accurate_from_collector,Ivan_Prates
MTR28577,Anolis,fuscoauratus,Anolis_fuscoauratus,2,P,Brazil,AC,Senador_Guiomard_Fazenda_Experimental_Catuaba,-10.0834,-67.6278,Accurate_from_collector,Ivan_Prates
MTR28578,Anolis,fuscoauratus,Anolis_fuscoauratus,2,P,Brazil,AC,Senador_Guiomard_Fazenda_Experimental_Catuaba,-10.0834,-67.6278,Approximate_from_collector,Ivan_Prates
MTR28579,Anolis,fuscoauratus,Anolis_fuscoauratus,2,P,Brazil,AC,Senador_Guiomard_Fazenda_Experimental_Catuaba,-10.0834,-67.6278,Approximate_from_collector,Ivan_Prates
MTR28680,Anolis,fuscoauratus,Anolis_fuscoauratus,1,U,Brazil,AM,FLONA_Humaita_Igarape_Buiussu,-7.616,-62.8833,Accurate_from_collector,Ivan_Prates
MTR33060,Anolis,fuscoauratus,Anolis_fuscoauratus,1,U,Brazil,BA,Canavieiras,-15.6805,-38.9965,Accurate_from_collector,Miguel_Trefaut_Rodrigues
MTR33061,Anolis,fuscoauratus,Anolis_fuscoauratus,1,U,Brazil,BA,Canavieiras,-15.6805,-38.9965,Accurate_from_collector,Miguel_Trefaut_Rodrigues
MTR33063,Anolis,fuscoauratus,Anolis_fuscoauratus,1,U,Brazil,BA,Canavieiras,-15.6805,-38.9965,Accurate_from_collector,Miguel_Trefaut_Rodrigues
MTR33431,Anolis,fuscoauratus,Anolis_fuscoauratus,1,U,Brazil,BA,PE_serra_do_Conduru,-14.4967,-39.1336,Approximate_from_collector,Miguel_Trefaut_Rodrigues
MTR34156,Anolis,fuscoauratus,Anolis_fuscoauratus,2,Y,Brazil,BA,Barrolandia_EE_Gregorio_Bondar_CEPLAN,-16.0942,-39.2157,Approximate_from_collector,Miguel_Trefaut_Rodrigues
MTR34236,Anolis,fuscoauratus,Anolis_fuscoauratus,2,Y,Brazil,BA,Barrolandia_EE_Gregorio_Bondar_CEPLAN,-16.0942,-39.2157,Accurate_from_collector,Miguel_Trefaut_Rodrigues
MTR34394,Anolis,fuscoauratus,Anolis_fuscoauratus,1,U,Brazil,BA,Porto_Seguro_Estacao_Veracel,-16.3539,-39.1351,Accurate_from_collector,Miguel_Trefaut_Rodrigues
MTR34395,Anolis,fuscoauratus,Anolis_fuscoauratus,1,U,Brazil,BA,Porto_Seguro_Estacao_Veracel,-16.3539,-39.1351,Accurate_from_collector,Miguel_Trefaut_Rodrigues
MTR34472,Anolis,fuscoauratus,Anolis_fuscoauratus,2,Y,Brazil,BA,Barrolandia_EE_Gregorio_Bondar_CEPLAN,-16.0942,-39.2157,Approximate_from_collector,Miguel_Trefaut_Rodrigues
MTR34501,Anolis,fuscoauratus,Anolis_fuscoauratus,1,U,Brazil,BA,Itapebi_Fazenda_Boa_Sorte,-15.89,-39.5308,Accurate_from_collector,Miguel_Trefaut_Rodrigues
MTR34595,Anolis,fuscoauratus,Anolis_fuscoauratus,1,U,Brazil,BA,Santa_Maria_Eterna_Lagoa_do_Jacare,-15.936,-39.5266,Approximate_from_collector,Miguel_Trefaut_Rodrigues
MTR35000,Anolis,fuscoauratus,Anolis_fuscoauratus,1,U,Brazil,BA,PE_serra_do_Conduru,-14.4967,-39.1336,Accurate_from_collector,Miguel_Trefaut_Rodrigues
MTR35696,Anolis,fuscoauratus,Anolis_fuscoauratus,2,G,Brazil,AM,Alvaraes,-3.2103,-64.8053,Accurate_from_collector,Miguel_Trefaut_Rodrigues
MTR35697,Anolis,fuscoauratus,Anolis_fuscoauratus,2,G,Brazil,AM,Alvaraes,-3.2103,-64.8053,Accurate_from_collector,Miguel_Trefaut_Rodrigues
MTR35698,Anolis,fuscoauratus,Anolis_fuscoauratus,2,G,Brazil,AM,Alvaraes,-3.2103,-64.8053,Accurate_from_collector,Miguel_Trefaut_Rodrigues
MTR35702,Anolis,fuscoauratus,Anolis_fuscoauratus,2,G,Brazil,AM,Alvaraes,-3.2103,-64.8053,Accurate_from_collector,Miguel_Trefaut_Rodrigues
MTR35709,Anolis,fuscoauratus,Anolis_fuscoauratus,2,G,Brazil,AM,Alvaraes,-3.2103,-64.8053,Accurate_from_collector,Miguel_Trefaut_Rodrigues
MTR35861,Anolis,fuscoauratus,Anolis_fuscoauratus,2,P,Brazil,AM,Rio_Ica_Comunidade_Cachoeirinha,-2.8842,-68.3499,Approximate_from_collector,Miguel_Trefaut_Rodrigues
MTR35895,Anolis,fuscoauratus,Anolis_fuscoauratus,2,P,Brazil,AM,Rio_Ica_Comunidade_Cachoeirinha,-2.8842,-68.3499,Approximate_from_collector,Miguel_Trefaut_Rodrigues
MTR35939,Anolis,fuscoauratus,Anolis_fuscoauratus,2,P,Brazil,AM,Rio_Ica_Comunidade_Cachoeirinha,-2.8842,-68.3499,Accurate_from_collector,Miguel_Trefaut_Rodrigues
MTR35968,Anolis,fuscoauratus,Anolis_fuscoauratus,2,P,Brazil,AM,Rio_Ica_Comunidade_Cachoeirinha,-2.8842,-68.3499,Approximate_from_collector,Miguel_Trefaut_Rodrigues
MTR36074,Anolis,fuscoauratus,Anolis_fuscoauratus,1,U,Brazil,AM,Rio_Ica_Comunidade_Cuiaua,-2.8836,-68.3677,Accurate_from_collector,Miguel_Trefaut_Rodrigues
MTR36086,Anolis,fuscoauratus,Anolis_fuscoauratus,1,U,Brazil,AM,Rio_Ica_Acai,-2.9049,-68.3398,Accurate_from_collector,Miguel_Trefaut_Rodrigues
MTR36139,Anolis,fuscoauratus,Anolis_fuscoauratus,1,U,Brazil,AM,Rio_Ica_Acai,-2.9049,-68.3398,Approximate_from_collector,Miguel_Trefaut_Rodrigues
MTR36275,Anolis,fuscoauratus,Anolis_fuscoauratus,2,P,Brazil,AM,Rio_Ica_Comunidade_Cachoeirinha,-2.8842,-68.3499,Approximate_from_collector,Miguel_Trefaut_Rodrigues
MTR36477,Anolis,fuscoauratus,Anolis_fuscoauratus,2,G,Brazil,AM,Rio_Ica_Sao_Pedro,-3.0286,-68.8826,Accurate_from_collector,Miguel_Trefaut_Rodrigues
MTR36540,Anolis,fuscoauratus,Anolis_fuscoauratus,2,G,Brazil,AM,Rio_Ica_Sao_Pedro,-3.0286,-68.8826,Approximate_from_collector,Miguel_Trefaut_Rodrigues
MTR36731,Anolis,fuscoauratus,Anolis_fuscoauratus,2,G,Brazil,AM,Rio_Ica_Sao_Pedro,-3.0286,-68.8826,Approximate_from_collector,Miguel_Trefaut_Rodrigues
MTR36732,Anolis,fuscoauratus,Anolis_fuscoauratus,2,G,Brazil,AM,Rio_Ica_Sao_Pedro,-3.0286,-68.8826,Approximate_from_collector,Miguel_Trefaut_Rodrigues
MTR36746,Anolis,fuscoauratus,Anolis_fuscoauratus,2,G,Brazil,AM,Rio_Ica_Sao_Pedro,-3.0286,-68.8826,Accurate_from_collector,Miguel_Trefaut_Rodrigues
MTR36819,Anolis,fuscoauratus,Anolis_fuscoauratus,2,Y,Brazil,AM,Fonte_Boa,-2.528,-66.162,Approximate_from_collector,Miguel_Trefaut_Rodrigues
MTR36859,Anolis,fuscoauratus,Anolis_fuscoauratus,2,Y,Brazil,AM,Fonte_Boa,-2.528,-66.162,Approximate_from_collector,Miguel_Trefaut_Rodrigues
MTR36879,Anolis,fuscoauratus,Anolis_fuscoauratus,2,Y,Brazil,AM,Fonte_Boa,-2.528,-66.162,Accurate_from_collector,Miguel_Trefaut_Rodrigues
MTR36939,Anolis,fuscoauratus,Anolis_fuscoauratus,2,Y,Brazil,AM,Tefe,-3.449,-64.6831,Accurate_from_collector,Miguel_Trefaut_Rodrigues
MTR36940,Anolis,fuscoauratus,Anolis_fuscoauratus,2,Y,Brazil,AM,Tefe,-3.449,-64.6831,Accurate_from_collector,Miguel_Trefaut_Rodrigues
MTR36941,Anolis,fuscoauratus,Anolis_fuscoauratus,2,Y,Brazil,AM,Tefe,-3.449,-64.6831,Accurate_from_collector,Miguel_Trefaut_Rodrigues
MTR36942,Anolis,fuscoauratus,Anolis_fuscoauratus,2,Y,Brazil,AM,Tefe,-3.449,-64.6831,Accurate_from_collector,Miguel_Trefaut_Rodrigues
MTR36971,Anolis,fuscoauratus,Anolis_fuscoauratus,2,P,Brazil,AM,Coari,-4.0868,-63.0968,Accurate_from_collector,Miguel_Trefaut_Rodrigues
MTR37027,Anolis,fuscoauratus,Anolis_fuscoauratus,2,P,Brazil,AM,Coari,-4.0868,-63.0968,Approximate_from_collector,Miguel_Trefaut_Rodrigues
MTR37287,Anolis,fuscoauratus,Anolis_fuscoauratus,2,Y,Brazil,ES,Santa_Teresa,-19.9654,-40.531,Accurate_from_collector,Miguel_Trefaut_Rodrigues
MTR40119,Anolis,fuscoauratus,Anolis_fuscoauratus,2,P,Brazil,AM,Maturaca,0.6251,-66.1329,Accurate_from_collector,Miguel_Trefaut_Rodrigues
MTR40374,Anolis,fuscoauratus,Anolis_fuscoauratus,2,P,Brazil,AM,Maturaca,0.6251,-66.1329,Approximate_from_collector,Miguel_Trefaut_Rodrigues
MTR40382,Anolis,fuscoauratus,Anolis_fuscoauratus,2,P,Brazil,AM,Maturaca,0.6251,-66.1329,Approximate_from_collector,Miguel_Trefaut_Rodrigues
MTR40847,Anolis,fuscoauratus,Anolis_fuscoauratus,2,G,Brazil,AM,Cacauali,-1.4325,-61.8267,Accurate_from_collector,Ivan_Prates
MTR40904,Anolis,fuscoauratus,Anolis_fuscoauratus,2,G,Brazil,AM,Cacauali,-1.4325,-61.8267,Accurate_from_collector,Ivan_Prates
MTR40906,Anolis,fuscoauratus,Anolis_fuscoauratus,2,G,Brazil,AM,Cacauali,-1.4325,-61.8267,Approximate_from_collector,Ivan_Prates
MTR40916,Anolis,fuscoauratus,Anolis_fuscoauratus,2,G,Brazil,AM,Cacauali,-1.4325,-61.8267,Approximate_from_collector,Ivan_Prates
MTR41431,Anolis,fuscoauratus,Anolis_fuscoauratus,1,U,Brazil,AM,Rio_Inhambu,-0.2334,-65.4168,Approximate_from_online_source,Google_Maps
MTR41440,Anolis,fuscoauratus,Anolis_fuscoauratus,1,U,Brazil,AM,Rio_Inhambu,-0.2334,-65.4168,Approximate_from_online_source,Google_Maps
MTR41563,Anolis,fuscoauratus,Anolis_fuscoauratus,2,G,Brazil,AM,Cacauali,-1.4325,-61.8267,Approximate_from_collector,Ivan_Prates
MTR967911,Anolis,fuscoauratus,Anolis_fuscoauratus,1,U,Brazil,MT,Aripuana,-9.8603,-60.2631,Approximate_from_collector,Miguel_Trefaut_Rodrigues
MTR977706,Anolis,fuscoauratus,Anolis_fuscoauratus,1,U,Brazil,MT,Aripuana,-9.8603,-60.2631,Approximate_from_collector,Miguel_Trefaut_Rodrigues
PEU488,Anolis,fuscoauratus,Anolis_fuscoauratus,1,U,Brazil,BA,Ilheus,-14.7972,-39.0344,Approximate_from_collector,Miguel_Trefaut_Rodrigues
PRMS498,Anolis,fuscoauratus,Anolis_fuscoauratus,2,P,Brazil,AC,Senador_Guiomard_Fazenda_Experimental_Catuaba,-10.0834,-67.6278,Approximate_from_collector,Ivan_Prates
PRMS499,Anolis,fuscoauratus,Anolis_fuscoauratus,2,P,Brazil,AC,Senador_Guiomard_Fazenda_Experimental_Catuaba,-10.0834,-67.6278,Approximate_from_collector,Ivan_Prates
PRMS501,Anolis,fuscoauratus,Anolis_fuscoauratus,2,P,Brazil,AC,Senador_Guiomard_Fazenda_Experimental_Catuaba,-10.0834,-67.6278,Approximate_from_collector,Ivan_Prates
PRMS525,Anolis,fuscoauratus,Anolis_fuscoauratus,2,Y,Brazil,AC,Porto_Acre_Reserva_Florestal_Humaita,-9.7445,-67.6784,Approximate_from_collector,Ivan_Prates
PRMS528,Anolis,fuscoauratus,Anolis_fuscoauratus,2,Y,Brazil,AC,Porto_Acre_Reserva_Florestal_Humaita,-9.7445,-67.6784,Approximate_from_collector,Ivan_Prates
PRMS530,Anolis,fuscoauratus,Anolis_fuscoauratus,2,Y,Brazil,AC,Porto_Acre_Reserva_Florestal_Humaita,-9.7445,-67.6784,Accurate_from_collector,Ivan_Prates
PRMS538,Anolis,fuscoauratus,Anolis_fuscoauratus,2,Y,Brazil,AC,Porto_Acre_Reserva_Florestal_Humaita,-9.7445,-67.6784,Approximate_from_collector,Ivan_Prates
PRMS539,Anolis,fuscoauratus,Anolis_fuscoauratus,2,Y,Brazil,AC,Porto_Acre_Reserva_Florestal_Humaita,-9.7445,-67.6784,Approximate_from_collector,Ivan_Prates
PRMS587,Anolis,fuscoauratus,Anolis_fuscoauratus,2,Y,Brazil,AC,Rio_Branco_Parque_Zoobotanico,-9.9561,-67.8725,Accurate_from_collector,Ivan_Prates
PRMS588,Anolis,fuscoauratus,Anolis_fuscoauratus,2,Y,Brazil,AC,Rio_Branco_Parque_Zoobotanico,-9.9561,-67.8725,Accurate_from_collector,Ivan_Prates
PRMS589,Anolis,fuscoauratus,Anolis_fuscoauratus,2,Y,Brazil,AC,Rio_Branco_Parque_Zoobotanico,-9.9561,-67.8725,Accurate_from_collector,Ivan_Prates
PRMS590,Anolis,fuscoauratus,Anolis_fuscoauratus,2,Y,Brazil,AC,Rio_Branco_Parque_Zoobotanico,-9.9561,-67.8725,Accurate_from_collector,Ivan_Prates
PRMS700,Anolis,fuscoauratus,Anolis_fuscoauratus,2,Y,Brazil,AC,Rio_Branco_Parque_Zoobotanico,-9.9561,-67.8725,Approximate_from_collector,Ivan_Prates
PRMS734,Anolis,fuscoauratus,Anolis_fuscoauratus,2,G,Brazil,AC,Mancio_Lima_Estrada_do_Lixao,-7.6813,-72.9688,Accurate_from_collector,Ivan_Prates
PRMS751,Anolis,fuscoauratus,Anolis_fuscoauratus,2,G,Brazil,AC,Mancio_Lima_Estrada_do_Lixao,-7.6813,-72.9688,Approximate_from_collector,Ivan_Prates
PRMS766,Anolis,fuscoauratus,Anolis_fuscoauratus,2,G,Brazil,AC,Cruzeiro_do_Sul_Vila_de_Sao_Pedro,-7.7014,-72.7413,Accurate_from_collector,Ivan_Prates
PRMS767,Anolis,fuscoauratus,Anolis_fuscoauratus,2,G,Brazil,AC,Cruzeiro_do_Sul_Vila_de_Sao_Pedro,-7.7014,-72.7413,Accurate_from_collector,Ivan_Prates
PRMS768,Anolis,fuscoauratus,Anolis_fuscoauratus,2,G,Brazil,AC,Cruzeiro_do_Sul_Vila_de_Sao_Pedro,-7.7014,-72.7413,Accurate_from_collector,Ivan_Prates
PRMS769,Anolis,fuscoauratus,Anolis_fuscoauratus,2,G,Brazil,AC,Cruzeiro_do_Sul_Vila_de_Sao_Pedro,-7.7014,-72.7413,Accurate_from_collector,Ivan_Prates
PRMS795,Anolis,fuscoauratus,Anolis_fuscoauratus,2,G,Brazil,AC,Mancio_Lima_Estrada_BR307_limite_Acre_Amazonas,-7.3857,-73.0627,Accurate_from_collector,Ivan_Prates
PRMS796,Anolis,fuscoauratus,Anolis_fuscoauratus,2,G,Brazil,AC,Mancio_Lima_Estrada_BR307_limite_Acre_Amazonas,-7.3857,-73.0627,Accurate_from_collector,Ivan_Prates
PRMS799,Anolis,fuscoauratus,Anolis_fuscoauratus,2,G,Brazil,AC,Mancio_Lima_Estrada_BR307_limite_Acre_Amazonas,-7.3857,-73.0627,Accurate_from_collector,Ivan_Prates
PRMS845,Anolis,fuscoauratus,Anolis_fuscoauratus,2,P,Brazil,AC,Cruzeiro_do_Sul_Programa_de_Assentamento_Dirigido_Santa_Luzia,-7.8639,-72.417,Approximate_from_collector,Ivan_Prates
PRMS852,Anolis,fuscoauratus,Anolis_fuscoauratus,2,P,Brazil,AC,Cruzeiro_do_Sul_Programa_de_Assentamento_Dirigido_Santa_Luzia,-7.8639,-72.417,Approximate_from_collector,Ivan_Prates
PRMS859,Anolis,fuscoauratus,Anolis_fuscoauratus,2,P,Brazil,AC,Cruzeiro_do_Sul_Programa_de_Assentamento_Dirigido_Santa_Luzia,-7.8639,-72.417,Accurate_from_collector,Ivan_Prates
PRMS860,Anolis,fuscoauratus,Anolis_fuscoauratus,2,P,Brazil,AC,Cruzeiro_do_Sul_Programa_de_Assentamento_Dirigido_Santa_Luzia,-7.8639,-72.417,Accurate_from_collector,Ivan_Prates
RF23,Anolis,fuscoauratus,Anolis_fuscoauratus,1,U,Brazil,AM,Silves,-2.8308,-58.2154,Accurate_from_collector,Miguel_Trefaut_Rodrigues
RF73,Anolis,fuscoauratus,Anolis_fuscoauratus,1,U,Brazil,AM,Itapiranga,-2.7434,-58.1763,Accurate_from_collector,Miguel_Trefaut_Rodrigues
SMS473,Anolis,fuscoauratus,Anolis_fuscoauratus,1,U,Brazil,PA,Itaituba_FLONA_do_Trairao_Ramal_do_80,-4.5251,-55.2401,Accurate_from_collector,Sergio_Marques_de_Souza
SMS608,Anolis,fuscoauratus,Anolis_fuscoauratus,1,U,Brazil,AM,Sao_Sebastiao_dos_Bargas,-3.7894,-59.034,Accurate_from_collector,Sergio_Marques_de_Souza
SMS941,Anolis,fuscoauratus,Anolis_fuscoauratus,1,U,Brazil,RR,Iracema_Serra_do_Apiau,2.4334,-61.4138,Accurate_from_collector,Miguel_Trefaut_Rodrigues
SMS963,Anolis,fuscoauratus,Anolis_fuscoauratus,1,U,Brazil,RR,Iracema_Serra_do_Apiau,2.4334,-61.4138,Approximate_from_collector,Miguel_Trefaut_Rodrigues
